gene,correlation
BRCA2,0.599966416004958
BRCA1,0.0184648268755984
